{"result": {"job_totals": {"total_jobs": 410, "total_time": 2491116.110395682, "total_print_time": 2389797.8052472165, "total_filament_used": 4638508.606284697, "longest_job": 70584.03613800323, "longest_print": 69997.24091535294}}}