{"result": {"job_totals": {"total_jobs": 468, "total_time": 1781246.0979735318, "total_print_time": 1593399.337718673, "total_filament_used": 2610400.2473092405, "longest_job": 63519.36418326909, "longest_print": 62543.448545777006}}}