{"result": {"job_totals": {"total_jobs": 499, "total_time": 1827673.4501145175, "total_print_time": 1620757.7699111043, "total_filament_used": 2656043.7773073907, "longest_job": 63519.36418326909, "longest_print": 62543.448545777006}}}