{
    "result": {
        "job_totals": {
            "total_jobs": 148,
            "total_time": 818638.2086688295,
            "total_print_time": 764306.9805980455,
            "total_filament_used": 1508231.533559796,
            "longest_job": 84790.64224279416,
            "longest_print": 83747.24771400704
        }
    }
}