{"result": {"job_totals": {"total_jobs": 153, "total_time": 827136.7578703195, "total_print_time": 771826.3089747864, "total_filament_used": 1521115.4484997955, "longest_job": 84790.64224279416, "longest_print": 83747.24771400704}}}