{"result": {"job_totals": {"total_jobs": 432, "total_time": 2463854.671298663, "total_print_time": 2308370.3888889346, "total_filament_used": 3685166.296391569, "longest_job": 242931.98771559, "longest_print": 242693.04971850995}}}